id;nom;prenom;mail
1;Assistant Books;THX Consultant withdrawal;Clothing
2;systems internet Guyane;invoice c;withdrawal robust Mouse
3;Chicken Loan Bourgogne;redundant Ball Qatari;Superviseur
4;Latvian Corse;Designer AGP;Car HDD
5;online Electronics;Bretagne Incredible;paradigm
6;transform;Bacon Sleek Cedi;1080p application
7;Account Chips;a c recontextualize;quantify monitor Fresh
8;c fuchsia d'Orsel;Chair Cambridgeshire Lorraine;e-services Liban
9;ÃŽle-de-France Handcrafted;Presbourg;syndicate
10;Plastic enterprise Home;transmitter ability;a
